ID,CUIs
ImageCLEFmedical_Caption_2024_train_000113,C0021102
ImageCLEFmedical_Caption_2024_train_000122,C0040452
ImageCLEFmedical_Caption_2024_train_000156,C0024947;C0447274
ImageCLEFmedical_Caption_2024_train_000157,C0024687
ImageCLEFmedical_Caption_2024_train_000183,C0024687;C1704302
ImageCLEFmedical_Caption_2024_train_000249,C0021102
ImageCLEFmedical_Caption_2024_train_000282,C1947917;C1266909
ImageCLEFmedical_Caption_2024_train_000321,C0024687;C0024947
ImageCLEFmedical_Caption_2024_train_000322,C0024947
ImageCLEFmedical_Caption_2024_train_000323,C0024947
ImageCLEFmedical_Caption_2024_train_000416,C0021102
ImageCLEFmedical_Caption_2024_train_000552,C0024687
ImageCLEFmedical_Caption_2024_train_000578,C0040426;C1947917
ImageCLEFmedical_Caption_2024_train_000579,C0040426;C1947917
ImageCLEFmedical_Caption_2024_train_000681,C0024687;C0024947;C1266909
ImageCLEFmedical_Caption_2024_train_000704,C0040426
ImageCLEFmedical_Caption_2024_train_000725,C0040426
ImageCLEFmedical_Caption_2024_train_000760,C0040426
ImageCLEFmedical_Caption_2024_train_000764,C0021102
ImageCLEFmedical_Caption_2024_train_000765,C0021102
ImageCLEFmedical_Caption_2024_train_000874,C0024687
ImageCLEFmedical_Caption_2024_train_001054,C0040452
ImageCLEFmedical_Caption_2024_train_001082,C0040452
ImageCLEFmedical_Caption_2024_train_001178,C0024687
ImageCLEFmedical_Caption_2024_train_001202,C0024947;C0024687
ImageCLEFmedical_Caption_2024_train_001220,C0040426
ImageCLEFmedical_Caption_2024_train_001264,C0024947
ImageCLEFmedical_Caption_2024_train_001401,C0040426
ImageCLEFmedical_Caption_2024_train_001402,C0040426
ImageCLEFmedical_Caption_2024_train_001403,C0040452;C0040426
ImageCLEFmedical_Caption_2024_train_001458,C0024947
ImageCLEFmedical_Caption_2024_train_001577,C0040426
ImageCLEFmedical_Caption_2024_train_001621,C0024687;C0026369
ImageCLEFmedical_Caption_2024_train_001658,C0024687
ImageCLEFmedical_Caption_2024_train_001671,C1266909
ImageCLEFmedical_Caption_2024_train_001709,C0024947
ImageCLEFmedical_Caption_2024_train_001710,C0040426
ImageCLEFmedical_Caption_2024_train_001778,C1266909
ImageCLEFmedical_Caption_2024_train_001780,C0040426
ImageCLEFmedical_Caption_2024_train_001867,C1704302
ImageCLEFmedical_Caption_2024_train_002016,C0040452;C0026369
ImageCLEFmedical_Caption_2024_train_002047,C0024687
ImageCLEFmedical_Caption_2024_train_002103,C0024687
ImageCLEFmedical_Caption_2024_train_002129,C0024687
ImageCLEFmedical_Caption_2024_train_002130,C0040426
ImageCLEFmedical_Caption_2024_train_002200,C1266909
ImageCLEFmedical_Caption_2024_train_002319,C0040426;C0021102
ImageCLEFmedical_Caption_2024_train_002320,C0021102
ImageCLEFmedical_Caption_2024_train_002321,C0040426;C0021102
ImageCLEFmedical_Caption_2024_train_002330,C0024687
ImageCLEFmedical_Caption_2024_train_002358,C0040426
ImageCLEFmedical_Caption_2024_train_002361,C1704302
ImageCLEFmedical_Caption_2024_train_002394,C1266909
ImageCLEFmedical_Caption_2024_train_002448,C0040452;C0024687;C1704302
ImageCLEFmedical_Caption_2024_train_002449,C0040426
ImageCLEFmedical_Caption_2024_train_002526,C0024947
ImageCLEFmedical_Caption_2024_train_002531,C0024687;C1704302;C0040452
ImageCLEFmedical_Caption_2024_train_002532,C0447274;C1704302
ImageCLEFmedical_Caption_2024_train_002566,C0024687;C0024947
ImageCLEFmedical_Caption_2024_train_002676,C0024687
ImageCLEFmedical_Caption_2024_train_002708,C0024687
ImageCLEFmedical_Caption_2024_train_002725,C1704302
ImageCLEFmedical_Caption_2024_train_002726,C0021102
ImageCLEFmedical_Caption_2024_train_002727,C0021102
ImageCLEFmedical_Caption_2024_train_002919,C0021102
ImageCLEFmedical_Caption_2024_train_002982,C0026369
ImageCLEFmedical_Caption_2024_train_002997,C0024947;C0447274;C1704302;C0040452
ImageCLEFmedical_Caption_2024_train_003215,C0024687;C0021102
ImageCLEFmedical_Caption_2024_train_003276,C0040452
ImageCLEFmedical_Caption_2024_train_003333,C0024947;C0026369
ImageCLEFmedical_Caption_2024_train_003334,C0024687;C0026369
ImageCLEFmedical_Caption_2024_train_003361,C1704302;C0447274
ImageCLEFmedical_Caption_2024_train_003484,C0024687
ImageCLEFmedical_Caption_2024_train_003506,C0026369
ImageCLEFmedical_Caption_2024_train_003507,C0040426;C0026369
ImageCLEFmedical_Caption_2024_train_003509,C0040426
ImageCLEFmedical_Caption_2024_train_003589,C0024947
ImageCLEFmedical_Caption_2024_train_003595,C0040452
ImageCLEFmedical_Caption_2024_train_003612,C0040452;C0040426
ImageCLEFmedical_Caption_2024_train_003634,C0040426;C0447274;C1704302;C0026369
ImageCLEFmedical_Caption_2024_train_003730,C1266909
ImageCLEFmedical_Caption_2024_train_003733,C0040426
ImageCLEFmedical_Caption_2024_train_003734,C0040426;C0040452
ImageCLEFmedical_Caption_2024_train_003775,C0024687
ImageCLEFmedical_Caption_2024_train_003776,C0024687
ImageCLEFmedical_Caption_2024_train_003869,C0040452
ImageCLEFmedical_Caption_2024_train_003916,C1947917
ImageCLEFmedical_Caption_2024_train_003948,C0024947
ImageCLEFmedical_Caption_2024_train_003989,C0021102
ImageCLEFmedical_Caption_2024_train_004162,C0024947;C1704302
ImageCLEFmedical_Caption_2024_train_004163,C1704302;C0040452
ImageCLEFmedical_Caption_2024_train_004254,C1266909
ImageCLEFmedical_Caption_2024_train_004355,C0024947
ImageCLEFmedical_Caption_2024_train_004461,C0021102
ImageCLEFmedical_Caption_2024_train_004463,C0024947;C1704302
ImageCLEFmedical_Caption_2024_train_004465,C0040452;C0024947;C0040426
ImageCLEFmedical_Caption_2024_train_004466,C0040426
ImageCLEFmedical_Caption_2024_train_004467,C0021102
ImageCLEFmedical_Caption_2024_train_004594,C0024687
ImageCLEFmedical_Caption_2024_train_004596,C0024947
ImageCLEFmedical_Caption_2024_train_004652,C0024947
ImageCLEFmedical_Caption_2024_train_004863,C0021102
ImageCLEFmedical_Caption_2024_train_004869,C0024687
ImageCLEFmedical_Caption_2024_train_004894,C0040452;C0024687
ImageCLEFmedical_Caption_2024_train_004942,C0040452
ImageCLEFmedical_Caption_2024_train_005068,C1266909
ImageCLEFmedical_Caption_2024_train_005151,C0024687
ImageCLEFmedical_Caption_2024_train_005162,C0024947;C0024687;C1704302;C0447274
ImageCLEFmedical_Caption_2024_train_005168,C0040452
ImageCLEFmedical_Caption_2024_train_005175,C0024687;C0040452
ImageCLEFmedical_Caption_2024_train_005187,C0024687
ImageCLEFmedical_Caption_2024_train_005206,C0024687
ImageCLEFmedical_Caption_2024_train_005392,C0021102
ImageCLEFmedical_Caption_2024_train_005394,C1266909
ImageCLEFmedical_Caption_2024_train_005442,C0040426;C0024947
ImageCLEFmedical_Caption_2024_train_005443,C0021102
ImageCLEFmedical_Caption_2024_train_005497,C0024687;C0040426
ImageCLEFmedical_Caption_2024_train_005579,C0024947
ImageCLEFmedical_Caption_2024_train_005580,C0024947
ImageCLEFmedical_Caption_2024_train_005893,C0447274
ImageCLEFmedical_Caption_2024_train_005894,C0447274
ImageCLEFmedical_Caption_2024_train_005895,C0447274;C0040426
ImageCLEFmedical_Caption_2024_train_005896,C0447274
ImageCLEFmedical_Caption_2024_train_006013,C0040405;C1266909
ImageCLEFmedical_Caption_2024_train_006256,C0040426
ImageCLEFmedical_Caption_2024_train_006259,C0040452
ImageCLEFmedical_Caption_2024_train_006357,C0024687
ImageCLEFmedical_Caption_2024_train_006358,C0024947;C0026369
ImageCLEFmedical_Caption_2024_train_006360,C0024687
ImageCLEFmedical_Caption_2024_train_006361,C0024947;C0040452
ImageCLEFmedical_Caption_2024_train_006375,C0040426
ImageCLEFmedical_Caption_2024_train_006462,C1947917
ImageCLEFmedical_Caption_2024_train_006501,C0024687
ImageCLEFmedical_Caption_2024_train_006502,C0040426;C0024687;C0024947
ImageCLEFmedical_Caption_2024_train_006513,C0024687;C1266909
ImageCLEFmedical_Caption_2024_train_006535,C0040426
ImageCLEFmedical_Caption_2024_train_006557,C0024687
ImageCLEFmedical_Caption_2024_train_006673,C0024947
ImageCLEFmedical_Caption_2024_train_006674,C0024947;C0024687
ImageCLEFmedical_Caption_2024_train_006804,C0024947;C0040452
ImageCLEFmedical_Caption_2024_train_006807,C0024947;C0040452
ImageCLEFmedical_Caption_2024_train_006962,C0040426
ImageCLEFmedical_Caption_2024_train_006981,C0024687;C1704302;C1266909
ImageCLEFmedical_Caption_2024_train_007268,C0040452;C0024947
ImageCLEFmedical_Caption_2024_train_007294,C0024947
ImageCLEFmedical_Caption_2024_train_007295,C1947917
ImageCLEFmedical_Caption_2024_train_007503,C0024687;C0024947
ImageCLEFmedical_Caption_2024_train_007506,C1704302;C0040452
ImageCLEFmedical_Caption_2024_train_007507,C0040452
ImageCLEFmedical_Caption_2024_train_007537,C0024687
ImageCLEFmedical_Caption_2024_train_007579,C0040452;C0024687;C1266909
ImageCLEFmedical_Caption_2024_train_007856,C0024687;C1947917
ImageCLEFmedical_Caption_2024_train_007880,C0040405
ImageCLEFmedical_Caption_2024_train_008129,C0021102
ImageCLEFmedical_Caption_2024_train_008221,C0021102
ImageCLEFmedical_Caption_2024_train_008273,C1266909;C0024947;C0040426
ImageCLEFmedical_Caption_2024_train_008458,C0026369
ImageCLEFmedical_Caption_2024_train_008459,C0026369
ImageCLEFmedical_Caption_2024_train_008570,C0024687
ImageCLEFmedical_Caption_2024_train_008614,C0024687;C0024947;C0040426
ImageCLEFmedical_Caption_2024_train_008732,C1704302;C0040452
ImageCLEFmedical_Caption_2024_train_008817,C0024687
ImageCLEFmedical_Caption_2024_train_008903,C0447274
ImageCLEFmedical_Caption_2024_train_009111,C0024947
ImageCLEFmedical_Caption_2024_train_009116,C0024687
ImageCLEFmedical_Caption_2024_train_009121,C0021102
ImageCLEFmedical_Caption_2024_train_009126,C0040452;C1266909;C0024687
ImageCLEFmedical_Caption_2024_train_009301,C1947917;C1266909
ImageCLEFmedical_Caption_2024_train_009393,C0026369
ImageCLEFmedical_Caption_2024_train_009518,C1266909
ImageCLEFmedical_Caption_2024_train_009519,C1266909
ImageCLEFmedical_Caption_2024_train_009571,C1704302
ImageCLEFmedical_Caption_2024_train_009572,C0024687;C1704302;C0040426
ImageCLEFmedical_Caption_2024_train_009575,C0024947;C0040426
ImageCLEFmedical_Caption_2024_train_009601,C0024687
ImageCLEFmedical_Caption_2024_train_009644,C1266909
ImageCLEFmedical_Caption_2024_train_009690,C0026369
ImageCLEFmedical_Caption_2024_train_009715,C0040426
ImageCLEFmedical_Caption_2024_train_009716,C0040426
ImageCLEFmedical_Caption_2024_train_009830,C0040426
ImageCLEFmedical_Caption_2024_train_009989,C0024687
ImageCLEFmedical_Caption_2024_train_009990,C0024687
ImageCLEFmedical_Caption_2024_train_009991,C0040426
ImageCLEFmedical_Caption_2024_train_009994,C0024687;C0040426
ImageCLEFmedical_Caption_2024_train_009995,C0024687;C0040426
ImageCLEFmedical_Caption_2024_train_010004,C0024687;C0040426
ImageCLEFmedical_Caption_2024_train_010006,C0021102
ImageCLEFmedical_Caption_2024_train_010089,C0024687
ImageCLEFmedical_Caption_2024_train_010193,C0021102
ImageCLEFmedical_Caption_2024_train_010272,C0024947
ImageCLEFmedical_Caption_2024_train_010314,C0024947;C0024687
ImageCLEFmedical_Caption_2024_train_010477,C0040426
ImageCLEFmedical_Caption_2024_train_010783,C0021102
ImageCLEFmedical_Caption_2024_train_010784,C0021102
ImageCLEFmedical_Caption_2024_train_010821,C0024687
ImageCLEFmedical_Caption_2024_train_010842,C0024947;C0024687
ImageCLEFmedical_Caption_2024_train_010872,C1947917;C1266909
ImageCLEFmedical_Caption_2024_train_011067,C1947917
ImageCLEFmedical_Caption_2024_train_011146,C0024687;C0447274;C0040426
ImageCLEFmedical_Caption_2024_train_011168,C1266909
ImageCLEFmedical_Caption_2024_train_011236,C0040405;C1266909;C0024947
ImageCLEFmedical_Caption_2024_train_011263,C0021102
ImageCLEFmedical_Caption_2024_train_011370,C0024947;C0024687
ImageCLEFmedical_Caption_2024_train_011576,C1704302
ImageCLEFmedical_Caption_2024_train_011584,C0024687;C0447274;C0026369
ImageCLEFmedical_Caption_2024_train_011585,C0024687;C1704302;C0024947;C0447274
ImageCLEFmedical_Caption_2024_train_011586,C0024687;C1704302;C0024947;C0447274
ImageCLEFmedical_Caption_2024_train_011587,C0040452;C0024947;C0447274;C0024687
ImageCLEFmedical_Caption_2024_train_011588,C0024687;C1704302;C0024947
ImageCLEFmedical_Caption_2024_train_011589,C1704302;C0024947;C0024687
ImageCLEFmedical_Caption_2024_train_011590,C0024687;C1704302
ImageCLEFmedical_Caption_2024_train_011680,C0024687;C1704302;C0026369;C0040452
ImageCLEFmedical_Caption_2024_train_011704,C0024687
ImageCLEFmedical_Caption_2024_train_011711,C1266909
ImageCLEFmedical_Caption_2024_train_011741,C1704302
ImageCLEFmedical_Caption_2024_train_011751,C0024687
ImageCLEFmedical_Caption_2024_train_011760,C0024947
ImageCLEFmedical_Caption_2024_train_011814,C0040405
ImageCLEFmedical_Caption_2024_train_011900,C0024947
ImageCLEFmedical_Caption_2024_train_011922,C0024947;C0024687;C0040426
ImageCLEFmedical_Caption_2024_train_011941,C0040426
ImageCLEFmedical_Caption_2024_train_011942,C0040426
ImageCLEFmedical_Caption_2024_train_012038,C0040426;C0024947
ImageCLEFmedical_Caption_2024_train_012082,C0024687
ImageCLEFmedical_Caption_2024_train_012106,C0447274;C0040452
ImageCLEFmedical_Caption_2024_train_012170,C0024947
ImageCLEFmedical_Caption_2024_train_012202,C0040452;C0024947
ImageCLEFmedical_Caption_2024_train_012203,C0024947
ImageCLEFmedical_Caption_2024_train_012204,C0024947;C0040426
ImageCLEFmedical_Caption_2024_train_012319,C0024687
ImageCLEFmedical_Caption_2024_train_012450,C0024947;C0447274
ImageCLEFmedical_Caption_2024_train_012618,C0024687
ImageCLEFmedical_Caption_2024_train_012619,C0040426
ImageCLEFmedical_Caption_2024_train_012627,C0024687
ImageCLEFmedical_Caption_2024_train_012633,C0040452;C0024947;C0040426
ImageCLEFmedical_Caption_2024_train_012634,C0040452
ImageCLEFmedical_Caption_2024_train_012637,C0024687
ImageCLEFmedical_Caption_2024_train_012659,C0024687
ImageCLEFmedical_Caption_2024_train_012720,C1266909;C0021102
ImageCLEFmedical_Caption_2024_train_012755,C0040452
ImageCLEFmedical_Caption_2024_train_012800,C0021102
ImageCLEFmedical_Caption_2024_train_012801,C0021102
ImageCLEFmedical_Caption_2024_train_012954,C0024947;C0026369
ImageCLEFmedical_Caption_2024_train_012986,C0040426;C0024947;C0024687
ImageCLEFmedical_Caption_2024_train_012987,C0024687
ImageCLEFmedical_Caption_2024_train_012999,C1266909
ImageCLEFmedical_Caption_2024_train_013029,C0024947;C0447274;C0026369
ImageCLEFmedical_Caption_2024_train_013049,C0040426
ImageCLEFmedical_Caption_2024_train_013050,C1947917
ImageCLEFmedical_Caption_2024_train_013051,C0024687
ImageCLEFmedical_Caption_2024_train_013079,C1947917
ImageCLEFmedical_Caption_2024_train_013119,C0021102
ImageCLEFmedical_Caption_2024_train_013158,C0024947;C0024687;C1266909;C0040426
ImageCLEFmedical_Caption_2024_train_013171,C0040452
ImageCLEFmedical_Caption_2024_train_013199,C1266909
ImageCLEFmedical_Caption_2024_train_013212,C0040426
ImageCLEFmedical_Caption_2024_train_013230,C0021102
ImageCLEFmedical_Caption_2024_train_013270,C0024947
ImageCLEFmedical_Caption_2024_train_013271,C1947917;C0024947
ImageCLEFmedical_Caption_2024_train_013272,C0024947
ImageCLEFmedical_Caption_2024_train_013318,C0040426
ImageCLEFmedical_Caption_2024_train_013428,C0024947
ImageCLEFmedical_Caption_2024_train_013606,C0024687
ImageCLEFmedical_Caption_2024_train_013779,C0024687
ImageCLEFmedical_Caption_2024_train_013780,C0040426
ImageCLEFmedical_Caption_2024_train_013797,C0024687
ImageCLEFmedical_Caption_2024_train_013837,C1266909
ImageCLEFmedical_Caption_2024_train_013892,C0024947;C0447274
ImageCLEFmedical_Caption_2024_train_014032,C1947917
ImageCLEFmedical_Caption_2024_train_014061,C0024687
ImageCLEFmedical_Caption_2024_train_014068,C1947917
ImageCLEFmedical_Caption_2024_train_014069,C1947917
ImageCLEFmedical_Caption_2024_train_014156,C0024947
ImageCLEFmedical_Caption_2024_train_014201,C0026369
ImageCLEFmedical_Caption_2024_train_014269,C0021102
ImageCLEFmedical_Caption_2024_train_014307,C1266909
ImageCLEFmedical_Caption_2024_train_014312,C0040426;C0040452
ImageCLEFmedical_Caption_2024_train_014313,C0040426
ImageCLEFmedical_Caption_2024_train_014314,C0040452
ImageCLEFmedical_Caption_2024_train_014315,C0040405;C0040452
ImageCLEFmedical_Caption_2024_train_014316,C0021102;C1704302
ImageCLEFmedical_Caption_2024_train_014317,C0021102
ImageCLEFmedical_Caption_2024_train_014367,C0021102
ImageCLEFmedical_Caption_2024_train_014368,C0040452
ImageCLEFmedical_Caption_2024_train_014369,C0040452
ImageCLEFmedical_Caption_2024_train_014370,C0024947
ImageCLEFmedical_Caption_2024_train_014496,C0024947;C0024687;C1704302
ImageCLEFmedical_Caption_2024_train_014547,C0024687
ImageCLEFmedical_Caption_2024_train_014549,C0024687
ImageCLEFmedical_Caption_2024_train_014601,C1266909
ImageCLEFmedical_Caption_2024_train_014602,C0021102
ImageCLEFmedical_Caption_2024_train_014659,C0024687
ImageCLEFmedical_Caption_2024_train_014680,C0040426
ImageCLEFmedical_Caption_2024_train_014936,C0024687
ImageCLEFmedical_Caption_2024_train_014972,C0021102
ImageCLEFmedical_Caption_2024_train_014973,C1266909;C0021102
ImageCLEFmedical_Caption_2024_train_014974,C0021102
ImageCLEFmedical_Caption_2024_train_015004,C0024947
ImageCLEFmedical_Caption_2024_train_015117,C1704302;C0040452
ImageCLEFmedical_Caption_2024_train_015254,C0021102;C1266909;C0024947
ImageCLEFmedical_Caption_2024_train_015323,C1947917;C0024947
ImageCLEFmedical_Caption_2024_train_015324,C0024947
ImageCLEFmedical_Caption_2024_train_015325,C0024687;C0024947
ImageCLEFmedical_Caption_2024_train_015326,C0024947
ImageCLEFmedical_Caption_2024_train_015515,C0040426
ImageCLEFmedical_Caption_2024_train_015540,C0040405;C1266909
ImageCLEFmedical_Caption_2024_train_015561,C0040426
ImageCLEFmedical_Caption_2024_train_015612,C0024687;C0024947
ImageCLEFmedical_Caption_2024_train_015645,C0024687
ImageCLEFmedical_Caption_2024_train_015647,C0024687
ImageCLEFmedical_Caption_2024_train_015663,C0040426
ImageCLEFmedical_Caption_2024_train_015678,C1947917
ImageCLEFmedical_Caption_2024_train_015691,C0024947;C0447274;C1704302
ImageCLEFmedical_Caption_2024_train_015692,C0024947;C0447274;C1704302;C1266909
ImageCLEFmedical_Caption_2024_train_015807,C0040426
ImageCLEFmedical_Caption_2024_train_015945,C0024947;C1947917
ImageCLEFmedical_Caption_2024_train_016003,C0024687;C0024947
ImageCLEFmedical_Caption_2024_train_016028,C0024687
ImageCLEFmedical_Caption_2024_train_016061,C0024687;C1704302
ImageCLEFmedical_Caption_2024_train_016084,C0024687
ImageCLEFmedical_Caption_2024_train_016147,C0040426;C0040452
ImageCLEFmedical_Caption_2024_train_016207,C0024947;C0026369;C0040452;C0024687
ImageCLEFmedical_Caption_2024_train_016208,C0024687
ImageCLEFmedical_Caption_2024_train_016301,C0024687
ImageCLEFmedical_Caption_2024_train_016390,C1704302
ImageCLEFmedical_Caption_2024_train_016551,C0021102
ImageCLEFmedical_Caption_2024_train_016552,C0021102
ImageCLEFmedical_Caption_2024_train_016594,C0024687
ImageCLEFmedical_Caption_2024_train_016619,C0040426
ImageCLEFmedical_Caption_2024_train_016690,C0024687
ImageCLEFmedical_Caption_2024_train_016807,C0040452
ImageCLEFmedical_Caption_2024_train_016977,C0024687;C0040426;C1266909;C0021102
ImageCLEFmedical_Caption_2024_train_017040,C0040426
ImageCLEFmedical_Caption_2024_train_017079,C0024687
ImageCLEFmedical_Caption_2024_train_017203,C0040426
ImageCLEFmedical_Caption_2024_train_017459,C0040426
ImageCLEFmedical_Caption_2024_train_017510,C0040452;C0040426
ImageCLEFmedical_Caption_2024_train_017550,C0024947
ImageCLEFmedical_Caption_2024_train_017556,C0024687
ImageCLEFmedical_Caption_2024_train_017558,C0021102
ImageCLEFmedical_Caption_2024_train_017568,C0024687
ImageCLEFmedical_Caption_2024_train_017650,C0024947
ImageCLEFmedical_Caption_2024_train_017699,C0024687
ImageCLEFmedical_Caption_2024_train_017700,C0024947;C0024687;C0040426
ImageCLEFmedical_Caption_2024_train_017743,C1266909
ImageCLEFmedical_Caption_2024_train_017787,C0021102
ImageCLEFmedical_Caption_2024_train_017814,C1704302
ImageCLEFmedical_Caption_2024_train_017815,C1704302
ImageCLEFmedical_Caption_2024_train_017816,C1704302
ImageCLEFmedical_Caption_2024_train_017936,C0024947
ImageCLEFmedical_Caption_2024_train_018011,C0040452
ImageCLEFmedical_Caption_2024_train_018085,C0024687;C1704302
ImageCLEFmedical_Caption_2024_train_018087,C1704302
ImageCLEFmedical_Caption_2024_train_018088,C0026369;C1704302
ImageCLEFmedical_Caption_2024_train_018089,C1704302;C0040452;C0040426
ImageCLEFmedical_Caption_2024_train_018090,C1947917;C0040452
ImageCLEFmedical_Caption_2024_train_018093,C0024687;C0026369
ImageCLEFmedical_Caption_2024_train_018094,C0040452
ImageCLEFmedical_Caption_2024_train_018095,C0024687;C1947917
ImageCLEFmedical_Caption_2024_train_018173,C0024687
ImageCLEFmedical_Caption_2024_train_018198,C0040405
ImageCLEFmedical_Caption_2024_train_018290,C0040426
ImageCLEFmedical_Caption_2024_train_018291,C0024947;C0447274
ImageCLEFmedical_Caption_2024_train_018342,C0024947;C0024687
ImageCLEFmedical_Caption_2024_train_018389,C1266909
ImageCLEFmedical_Caption_2024_train_018442,C1266909
ImageCLEFmedical_Caption_2024_train_018472,C0024687
ImageCLEFmedical_Caption_2024_train_018653,C0024687;C1704302;C0040452;C1266909
ImageCLEFmedical_Caption_2024_train_018761,C0024687;C0040426
ImageCLEFmedical_Caption_2024_train_018763,C0024947
ImageCLEFmedical_Caption_2024_train_018764,C0024687
ImageCLEFmedical_Caption_2024_train_018765,C0040452;C0024687
ImageCLEFmedical_Caption_2024_train_018901,C0024947
ImageCLEFmedical_Caption_2024_train_018921,C0024947;C0040426
ImageCLEFmedical_Caption_2024_train_018929,C1266909
ImageCLEFmedical_Caption_2024_train_019044,C0026369
ImageCLEFmedical_Caption_2024_train_019173,C0040452;C0024687;C1704302
ImageCLEFmedical_Caption_2024_train_019262,C0040452;C0024687
ImageCLEFmedical_Caption_2024_train_019291,C0040452;C0040426
ImageCLEFmedical_Caption_2024_train_019344,C0040405
ImageCLEFmedical_Caption_2024_train_019350,C0024687
ImageCLEFmedical_Caption_2024_train_019389,C0040426;C0021102
ImageCLEFmedical_Caption_2024_train_019404,C0021102
ImageCLEFmedical_Caption_2024_train_019429,C0040452;C1704302
ImageCLEFmedical_Caption_2024_train_019434,C0040452
ImageCLEFmedical_Caption_2024_train_019435,C0040452
ImageCLEFmedical_Caption_2024_train_019556,C0024687;C0040426;C0040452
ImageCLEFmedical_Caption_2024_train_019567,C0021102
ImageCLEFmedical_Caption_2024_train_019580,C0024947;C1704302;C0024687
ImageCLEFmedical_Caption_2024_train_019582,C0021102;C0040426;C0024947;C0024687
ImageCLEFmedical_Caption_2024_train_019583,C0024687;C0040426;C0040452
ImageCLEFmedical_Caption_2024_train_019618,C0040405
ImageCLEFmedical_Caption_2024_train_019791,C0040405
ImageCLEFmedical_Caption_2024_train_019819,C0024687;C1704302
ImageCLEFmedical_Caption_2024_train_019951,C0447274
ImageCLEFmedical_Caption_2024_train_019952,C1947917
ImageCLEFmedical_Caption_2024_train_019986,C1266909
ImageCLEFmedical_Caption_2024_train_019989,C0040405
ImageCLEFmedical_Caption_2024_train_020048,C0040426
ImageCLEFmedical_Caption_2024_train_020056,C0021102
ImageCLEFmedical_Caption_2024_train_020301,C0024687
ImageCLEFmedical_Caption_2024_train_020366,C0021102
ImageCLEFmedical_Caption_2024_train_020367,C0021102
ImageCLEFmedical_Caption_2024_train_020400,C0024687
ImageCLEFmedical_Caption_2024_train_020412,C0024687;C0026369
ImageCLEFmedical_Caption_2024_train_020413,C0024687;C0026369
ImageCLEFmedical_Caption_2024_train_020414,C0024947
ImageCLEFmedical_Caption_2024_train_020441,C0040452
ImageCLEFmedical_Caption_2024_train_020442,C0040452
ImageCLEFmedical_Caption_2024_train_020544,C0024947;C0024687
ImageCLEFmedical_Caption_2024_train_020545,C0021102
ImageCLEFmedical_Caption_2024_train_020605,C0040426;C0040452
ImageCLEFmedical_Caption_2024_train_020629,C0040426
ImageCLEFmedical_Caption_2024_train_020649,C0024687
ImageCLEFmedical_Caption_2024_train_020693,C1704302
ImageCLEFmedical_Caption_2024_train_020703,C0024687
ImageCLEFmedical_Caption_2024_train_020754,C0040426
ImageCLEFmedical_Caption_2024_train_020763,C0040426
ImageCLEFmedical_Caption_2024_train_020805,C0040452
ImageCLEFmedical_Caption_2024_train_020806,C0024687;C0026369;C0040452
ImageCLEFmedical_Caption_2024_train_020829,C0024687;C0026369
ImageCLEFmedical_Caption_2024_train_020872,C0024947
ImageCLEFmedical_Caption_2024_train_020873,C0040426;C0024687
ImageCLEFmedical_Caption_2024_train_020874,C0040426;C0024947
ImageCLEFmedical_Caption_2024_train_020918,C0021102
ImageCLEFmedical_Caption_2024_train_020919,C0021102
ImageCLEFmedical_Caption_2024_train_020920,C0021102
ImageCLEFmedical_Caption_2024_train_020923,C0040426
ImageCLEFmedical_Caption_2024_train_021000,C0024947;C0040426
ImageCLEFmedical_Caption_2024_train_021040,C1266909
ImageCLEFmedical_Caption_2024_train_021041,C1266909
ImageCLEFmedical_Caption_2024_train_021048,C0021102
ImageCLEFmedical_Caption_2024_train_021106,C0024687;C0040426
ImageCLEFmedical_Caption_2024_train_021107,C1266909
ImageCLEFmedical_Caption_2024_train_021121,C0021102
ImageCLEFmedical_Caption_2024_train_021128,C1266909
ImageCLEFmedical_Caption_2024_train_021138,C0040452
ImageCLEFmedical_Caption_2024_train_021139,C0024947
ImageCLEFmedical_Caption_2024_train_021189,C0021102;C0024687
ImageCLEFmedical_Caption_2024_train_021296,C0024687;C0040426
ImageCLEFmedical_Caption_2024_train_021572,C1947917
ImageCLEFmedical_Caption_2024_train_021655,C0024687
ImageCLEFmedical_Caption_2024_train_021839,C0024687
ImageCLEFmedical_Caption_2024_train_021897,C0024947
ImageCLEFmedical_Caption_2024_train_021898,C0021102
ImageCLEFmedical_Caption_2024_train_021899,C0021102;C0040426
ImageCLEFmedical_Caption_2024_train_021909,C0024687
ImageCLEFmedical_Caption_2024_train_022048,C0024947
ImageCLEFmedical_Caption_2024_train_022089,C0024687
ImageCLEFmedical_Caption_2024_train_022114,C0024687
ImageCLEFmedical_Caption_2024_train_022169,C1266909;C0040426
ImageCLEFmedical_Caption_2024_train_022292,C0024947;C0026369
ImageCLEFmedical_Caption_2024_train_022297,C0024687
ImageCLEFmedical_Caption_2024_train_022374,C1947917
ImageCLEFmedical_Caption_2024_train_022425,C0040426
ImageCLEFmedical_Caption_2024_train_022427,C0040452
ImageCLEFmedical_Caption_2024_train_022428,C0040452
ImageCLEFmedical_Caption_2024_train_022458,C1266909
ImageCLEFmedical_Caption_2024_train_022460,C0024687
ImageCLEFmedical_Caption_2024_train_022536,C0024687
ImageCLEFmedical_Caption_2024_train_022633,C0021102;C0024947;C0024687
ImageCLEFmedical_Caption_2024_train_022685,C0040426
ImageCLEFmedical_Caption_2024_train_022788,C0024687
ImageCLEFmedical_Caption_2024_train_022790,C0021102
ImageCLEFmedical_Caption_2024_train_022791,C1266909;C0024687
ImageCLEFmedical_Caption_2024_train_022807,C0040405
ImageCLEFmedical_Caption_2024_train_022808,C0040405
ImageCLEFmedical_Caption_2024_train_022815,C0024947;C0021102;C1266909
ImageCLEFmedical_Caption_2024_train_022816,C1704302;C0021102
ImageCLEFmedical_Caption_2024_train_022817,C0021102;C1266909
ImageCLEFmedical_Caption_2024_train_022884,C1704302
ImageCLEFmedical_Caption_2024_train_022885,C1704302
ImageCLEFmedical_Caption_2024_train_022886,C1704302
ImageCLEFmedical_Caption_2024_train_022901,C0024687
ImageCLEFmedical_Caption_2024_train_022928,C0024687
ImageCLEFmedical_Caption_2024_train_022981,C1704302;C0040452
ImageCLEFmedical_Caption_2024_train_023020,C1266909
ImageCLEFmedical_Caption_2024_train_023041,C0024947;C0024687
ImageCLEFmedical_Caption_2024_train_023074,C0040426
ImageCLEFmedical_Caption_2024_train_023114,C0040426
ImageCLEFmedical_Caption_2024_train_023187,C0040452;C1704302
ImageCLEFmedical_Caption_2024_train_023335,C1266909
ImageCLEFmedical_Caption_2024_train_023365,C1704302
ImageCLEFmedical_Caption_2024_train_023424,C0024687
ImageCLEFmedical_Caption_2024_train_023557,C1266909
ImageCLEFmedical_Caption_2024_train_023606,C0024687;C1704302
ImageCLEFmedical_Caption_2024_train_023629,C0024947;C0026369
ImageCLEFmedical_Caption_2024_train_023638,C0040426
ImageCLEFmedical_Caption_2024_train_023700,C0024947
ImageCLEFmedical_Caption_2024_train_023702,C0040426
ImageCLEFmedical_Caption_2024_train_023704,C0021102
ImageCLEFmedical_Caption_2024_train_023707,C0021102
ImageCLEFmedical_Caption_2024_train_023720,C0040426;C1266909;C0040452
ImageCLEFmedical_Caption_2024_train_023721,C0026369
ImageCLEFmedical_Caption_2024_train_023722,C1266909
ImageCLEFmedical_Caption_2024_train_023723,C1266909;C0024687
ImageCLEFmedical_Caption_2024_train_023907,C0024947
ImageCLEFmedical_Caption_2024_train_023984,C0024947;C1266909;C0021102
ImageCLEFmedical_Caption_2024_train_024012,C0040426
ImageCLEFmedical_Caption_2024_train_024015,C0021102
ImageCLEFmedical_Caption_2024_train_024182,C0040452
ImageCLEFmedical_Caption_2024_train_024183,C0040452
ImageCLEFmedical_Caption_2024_train_024211,C0024687
ImageCLEFmedical_Caption_2024_train_024261,C0024947;C1947917;C1266909
ImageCLEFmedical_Caption_2024_train_024371,C0040426
ImageCLEFmedical_Caption_2024_train_024403,C1947917
ImageCLEFmedical_Caption_2024_train_024404,C0040426
ImageCLEFmedical_Caption_2024_train_024574,C0024687;C1704302;C0024947
ImageCLEFmedical_Caption_2024_train_024669,C0024687;C0040452;C0024947;C0021102
ImageCLEFmedical_Caption_2024_train_024670,C0024687;C0040452
ImageCLEFmedical_Caption_2024_train_024768,C0026369
ImageCLEFmedical_Caption_2024_train_024909,C1266909
ImageCLEFmedical_Caption_2024_train_024967,C0040452
ImageCLEFmedical_Caption_2024_train_024982,C0021102
ImageCLEFmedical_Caption_2024_train_024983,C0021102
ImageCLEFmedical_Caption_2024_train_025063,C0021102
ImageCLEFmedical_Caption_2024_train_025065,C0040426;C0024947;C0040452
ImageCLEFmedical_Caption_2024_train_025073,C0024687;C0447274
ImageCLEFmedical_Caption_2024_train_025089,C0024687
ImageCLEFmedical_Caption_2024_train_025090,C0024947;C0026369
ImageCLEFmedical_Caption_2024_train_025091,C0024687;C0026369
ImageCLEFmedical_Caption_2024_train_025092,C0024687;C0040426
ImageCLEFmedical_Caption_2024_train_025093,C0024947
ImageCLEFmedical_Caption_2024_train_025094,C0026369
ImageCLEFmedical_Caption_2024_train_025095,C0024687
ImageCLEFmedical_Caption_2024_train_025096,C0024687;C0026369
ImageCLEFmedical_Caption_2024_train_025132,C1266909
ImageCLEFmedical_Caption_2024_train_025140,C0040426
ImageCLEFmedical_Caption_2024_train_025265,C0024687
ImageCLEFmedical_Caption_2024_train_025266,C0024687
ImageCLEFmedical_Caption_2024_train_025336,C0040452;C0040426
ImageCLEFmedical_Caption_2024_train_025411,C0024687
ImageCLEFmedical_Caption_2024_train_025641,C0024947
ImageCLEFmedical_Caption_2024_train_025742,C0021102
ImageCLEFmedical_Caption_2024_train_025757,C0024687;C1266909
ImageCLEFmedical_Caption_2024_train_025771,C0040452
ImageCLEFmedical_Caption_2024_train_025784,C0040405
ImageCLEFmedical_Caption_2024_train_025785,C0040405
ImageCLEFmedical_Caption_2024_train_025852,C0040426
ImageCLEFmedical_Caption_2024_train_025907,C0024687
ImageCLEFmedical_Caption_2024_train_026010,C0040452;C0024687
ImageCLEFmedical_Caption_2024_train_026012,C0024687
ImageCLEFmedical_Caption_2024_train_026034,C0040452
ImageCLEFmedical_Caption_2024_train_026122,C1266909
ImageCLEFmedical_Caption_2024_train_026240,C0040426;C0040452
ImageCLEFmedical_Caption_2024_train_026241,C0040452
ImageCLEFmedical_Caption_2024_train_026266,C1704302
ImageCLEFmedical_Caption_2024_train_026267,C1947917
ImageCLEFmedical_Caption_2024_train_026268,C1704302
ImageCLEFmedical_Caption_2024_train_026286,C1947917;C0040426;C0040452
ImageCLEFmedical_Caption_2024_train_026287,C1947917;C0040426;C0040452
ImageCLEFmedical_Caption_2024_train_026336,C0021102
ImageCLEFmedical_Caption_2024_train_026352,C0040426
ImageCLEFmedical_Caption_2024_train_026382,C0024687
ImageCLEFmedical_Caption_2024_train_026568,C1704302
ImageCLEFmedical_Caption_2024_train_026660,C0024947
ImageCLEFmedical_Caption_2024_train_026674,C0024947
ImageCLEFmedical_Caption_2024_train_026675,C0021102
ImageCLEFmedical_Caption_2024_train_026797,C0024687
ImageCLEFmedical_Caption_2024_train_026805,C0040426
ImageCLEFmedical_Caption_2024_train_026806,C0040426
ImageCLEFmedical_Caption_2024_train_026807,C0040426
ImageCLEFmedical_Caption_2024_train_026911,C1266909;C0024687
ImageCLEFmedical_Caption_2024_train_026950,C0024687
ImageCLEFmedical_Caption_2024_train_027053,C0026369
ImageCLEFmedical_Caption_2024_train_027054,C0026369
ImageCLEFmedical_Caption_2024_train_027055,C0024687;C1704302
ImageCLEFmedical_Caption_2024_train_027056,C0024687;C1704302
ImageCLEFmedical_Caption_2024_train_027057,C0024687;C1704302
ImageCLEFmedical_Caption_2024_train_027125,C0024687;C1704302
ImageCLEFmedical_Caption_2024_train_027161,C0040426;C1704302
ImageCLEFmedical_Caption_2024_train_027180,C0024947;C0024687
ImageCLEFmedical_Caption_2024_train_027417,C0040426
ImageCLEFmedical_Caption_2024_train_027456,C0024687
ImageCLEFmedical_Caption_2024_train_027634,C0024687;C1704302;C0040452
ImageCLEFmedical_Caption_2024_train_027750,C0024947
ImageCLEFmedical_Caption_2024_train_027779,C0024687
ImageCLEFmedical_Caption_2024_train_027829,C0040452
ImageCLEFmedical_Caption_2024_train_028013,C1947917;C0040426;C0040452
ImageCLEFmedical_Caption_2024_train_028081,C0024687
ImageCLEFmedical_Caption_2024_train_028146,C1266909;C0024947
ImageCLEFmedical_Caption_2024_train_028150,C1266909
ImageCLEFmedical_Caption_2024_train_028185,C1266909;C0021102
ImageCLEFmedical_Caption_2024_train_028268,C0024947;C0024687
ImageCLEFmedical_Caption_2024_train_028355,C0024687
ImageCLEFmedical_Caption_2024_train_028356,C0024687;C1704302
ImageCLEFmedical_Caption_2024_train_028358,C0040426;C1704302;C0024687
ImageCLEFmedical_Caption_2024_train_028373,C0040426
ImageCLEFmedical_Caption_2024_train_028489,C0040452;C0024687;C1704302
ImageCLEFmedical_Caption_2024_train_028514,C0040405
ImageCLEFmedical_Caption_2024_train_028519,C0024687
ImageCLEFmedical_Caption_2024_train_028536,C1704302
ImageCLEFmedical_Caption_2024_train_028537,C1704302
ImageCLEFmedical_Caption_2024_train_028538,C0040426
ImageCLEFmedical_Caption_2024_train_028549,C0024687
ImageCLEFmedical_Caption_2024_train_028654,C0024687
ImageCLEFmedical_Caption_2024_train_028691,C0024687;C0026369
ImageCLEFmedical_Caption_2024_train_028692,C0024947;C0024687;C0026369;C1266909
ImageCLEFmedical_Caption_2024_train_028709,C0024687;C1704302
ImageCLEFmedical_Caption_2024_train_029043,C0024687
ImageCLEFmedical_Caption_2024_train_029097,C0024947
ImageCLEFmedical_Caption_2024_train_029162,C0040426
ImageCLEFmedical_Caption_2024_train_029246,C0024947
ImageCLEFmedical_Caption_2024_train_029275,C0024687
ImageCLEFmedical_Caption_2024_train_029277,C0024687;C0024947
ImageCLEFmedical_Caption_2024_train_029316,C0024687;C0024947
ImageCLEFmedical_Caption_2024_train_029384,C1266909
ImageCLEFmedical_Caption_2024_train_029426,C0024947
ImageCLEFmedical_Caption_2024_train_029456,C0026369
ImageCLEFmedical_Caption_2024_train_029457,C1266909
ImageCLEFmedical_Caption_2024_train_029534,C1266909
ImageCLEFmedical_Caption_2024_train_029547,C0024687
ImageCLEFmedical_Caption_2024_train_029591,C0024947;C1704302
ImageCLEFmedical_Caption_2024_train_029602,C1947917;C0024947
ImageCLEFmedical_Caption_2024_train_029607,C0021102
ImageCLEFmedical_Caption_2024_train_029624,C0040405
ImageCLEFmedical_Caption_2024_train_029732,C1266909
ImageCLEFmedical_Caption_2024_train_030086,C0040452
ImageCLEFmedical_Caption_2024_train_030253,C0024687
ImageCLEFmedical_Caption_2024_train_030299,C0024687
ImageCLEFmedical_Caption_2024_train_030328,C0024687
ImageCLEFmedical_Caption_2024_train_030336,C0040426
ImageCLEFmedical_Caption_2024_train_030337,C0021102
ImageCLEFmedical_Caption_2024_train_030338,C0021102;C0040426
ImageCLEFmedical_Caption_2024_train_030340,C0021102
ImageCLEFmedical_Caption_2024_train_030350,C0024687
ImageCLEFmedical_Caption_2024_train_030510,C0040405
ImageCLEFmedical_Caption_2024_train_030564,C0021102
ImageCLEFmedical_Caption_2024_train_030641,C0021102
ImageCLEFmedical_Caption_2024_train_030743,C0024687;C0026369
ImageCLEFmedical_Caption_2024_train_030744,C0026369
ImageCLEFmedical_Caption_2024_train_030766,C0024687
ImageCLEFmedical_Caption_2024_train_030767,C0024687
ImageCLEFmedical_Caption_2024_train_030967,C0024687
ImageCLEFmedical_Caption_2024_train_030969,C0040426;C0024687;C1704302
ImageCLEFmedical_Caption_2024_train_030970,C0040426;C0024687;C1704302
ImageCLEFmedical_Caption_2024_train_030971,C0040426
ImageCLEFmedical_Caption_2024_train_030972,C0040426;C0024687;C1704302;C0024947
ImageCLEFmedical_Caption_2024_train_030973,C0040426;C0026369
ImageCLEFmedical_Caption_2024_train_030974,C0040426;C0024687;C1704302
ImageCLEFmedical_Caption_2024_train_031083,C0024687;C0040452;C0040426
ImageCLEFmedical_Caption_2024_train_031084,C0024687;C0040452;C0040426
ImageCLEFmedical_Caption_2024_train_031086,C0024687
ImageCLEFmedical_Caption_2024_train_031087,C0024687
ImageCLEFmedical_Caption_2024_train_031088,C0024687
ImageCLEFmedical_Caption_2024_train_031089,C0024687
ImageCLEFmedical_Caption_2024_train_031090,C0024687
ImageCLEFmedical_Caption_2024_train_031091,C0024687
ImageCLEFmedical_Caption_2024_train_031092,C0024687
ImageCLEFmedical_Caption_2024_train_031093,C0024687
ImageCLEFmedical_Caption_2024_train_031094,C0024687
ImageCLEFmedical_Caption_2024_train_031145,C0040426
ImageCLEFmedical_Caption_2024_train_031158,C0024947
ImageCLEFmedical_Caption_2024_train_031166,C1266909;C0040452;C0447274
ImageCLEFmedical_Caption_2024_train_031167,C1266909;C0040452;C0447274
ImageCLEFmedical_Caption_2024_train_031239,C0024947;C0024687
ImageCLEFmedical_Caption_2024_train_031240,C0024687;C0040452
ImageCLEFmedical_Caption_2024_train_031380,C0024947;C1947917
ImageCLEFmedical_Caption_2024_train_031384,C0024687;C0447274
ImageCLEFmedical_Caption_2024_train_031432,C0040426;C1704302
ImageCLEFmedical_Caption_2024_train_031503,C0024947;C0447274
ImageCLEFmedical_Caption_2024_train_031506,C0447274
ImageCLEFmedical_Caption_2024_train_031536,C0040426;C0024947
ImageCLEFmedical_Caption_2024_train_031635,C0024947;C1704302;C0024687
ImageCLEFmedical_Caption_2024_train_031636,C0024947
ImageCLEFmedical_Caption_2024_train_031704,C0040405
ImageCLEFmedical_Caption_2024_train_031707,C0021102
ImageCLEFmedical_Caption_2024_train_031789,C0040426
ImageCLEFmedical_Caption_2024_train_032096,C0021102
ImageCLEFmedical_Caption_2024_train_032188,C0021102
ImageCLEFmedical_Caption_2024_train_032189,C1266909
ImageCLEFmedical_Caption_2024_train_032203,C0024687;C0026369
ImageCLEFmedical_Caption_2024_train_032212,C1266909;C0024687
ImageCLEFmedical_Caption_2024_train_032222,C0040426
ImageCLEFmedical_Caption_2024_train_032318,C1704302;C0024687
ImageCLEFmedical_Caption_2024_train_032331,C0024947;C0040452
ImageCLEFmedical_Caption_2024_train_032353,C0024947
ImageCLEFmedical_Caption_2024_train_032354,C0024947
ImageCLEFmedical_Caption_2024_train_032370,C0024687
ImageCLEFmedical_Caption_2024_train_032371,C1266909
ImageCLEFmedical_Caption_2024_train_032470,C0040426;C0026369;C0024947
ImageCLEFmedical_Caption_2024_train_032490,C1266909;C0021102
ImageCLEFmedical_Caption_2024_train_032708,C1704302
ImageCLEFmedical_Caption_2024_train_032891,C0447274
ImageCLEFmedical_Caption_2024_train_032906,C0024687
ImageCLEFmedical_Caption_2024_train_032908,C0024687;C0026369
ImageCLEFmedical_Caption_2024_train_032911,C0040452
ImageCLEFmedical_Caption_2024_train_032930,C0024687
ImageCLEFmedical_Caption_2024_train_032931,C0040426
ImageCLEFmedical_Caption_2024_train_032932,C0026369;C0024687
ImageCLEFmedical_Caption_2024_train_033121,C0021102
ImageCLEFmedical_Caption_2024_train_033210,C1704302
ImageCLEFmedical_Caption_2024_train_033317,C0024687
ImageCLEFmedical_Caption_2024_train_033322,C1947917
ImageCLEFmedical_Caption_2024_train_033323,C1947917
ImageCLEFmedical_Caption_2024_train_033325,C0024687
ImageCLEFmedical_Caption_2024_train_033326,C0040426
ImageCLEFmedical_Caption_2024_train_033329,C0024687
ImageCLEFmedical_Caption_2024_train_033330,C0040426
ImageCLEFmedical_Caption_2024_train_033393,C0040426
ImageCLEFmedical_Caption_2024_train_033394,C1947917
ImageCLEFmedical_Caption_2024_train_033575,C0024687
ImageCLEFmedical_Caption_2024_train_033576,C0024687
ImageCLEFmedical_Caption_2024_train_033640,C0024947;C0024687
ImageCLEFmedical_Caption_2024_train_033732,C0040426
ImageCLEFmedical_Caption_2024_train_033892,C0040452;C0040426
ImageCLEFmedical_Caption_2024_train_033894,C1266909
ImageCLEFmedical_Caption_2024_train_033952,C1947917
ImageCLEFmedical_Caption_2024_train_034120,C0024687
ImageCLEFmedical_Caption_2024_train_034157,C0021102
ImageCLEFmedical_Caption_2024_train_034158,C0040426
ImageCLEFmedical_Caption_2024_train_034213,C0024687
ImageCLEFmedical_Caption_2024_train_034357,C0040452;C0024687;C1704302
ImageCLEFmedical_Caption_2024_train_034433,C0024687
ImageCLEFmedical_Caption_2024_train_034462,C0021102
ImageCLEFmedical_Caption_2024_train_034466,C0024947;C0024687;C0040426
ImageCLEFmedical_Caption_2024_train_034525,C0024687
ImageCLEFmedical_Caption_2024_train_034545,C0024687;C1704302;C0040426
ImageCLEFmedical_Caption_2024_train_034602,C0024947;C0026369;C0024687
ImageCLEFmedical_Caption_2024_train_034720,C0024687
ImageCLEFmedical_Caption_2024_train_034770,C0040426
ImageCLEFmedical_Caption_2024_train_034771,C0040426
ImageCLEFmedical_Caption_2024_train_034773,C0021102
ImageCLEFmedical_Caption_2024_train_034838,C0040452;C0024687;C0447274
ImageCLEFmedical_Caption_2024_train_034922,C0021102;C0040452
ImageCLEFmedical_Caption_2024_train_034923,C0021102;C0040452
ImageCLEFmedical_Caption_2024_train_034937,C1266909;C0024687;C0447274
ImageCLEFmedical_Caption_2024_train_034978,C0040426
ImageCLEFmedical_Caption_2024_train_035012,C0024947;C1704302
ImageCLEFmedical_Caption_2024_train_035013,C0024687;C1704302
ImageCLEFmedical_Caption_2024_train_035027,C0024687
ImageCLEFmedical_Caption_2024_train_035029,C0040426
ImageCLEFmedical_Caption_2024_train_035030,C0040426
ImageCLEFmedical_Caption_2024_train_035034,C1266909
ImageCLEFmedical_Caption_2024_train_035059,C0040426
ImageCLEFmedical_Caption_2024_train_035357,C1266909
ImageCLEFmedical_Caption_2024_train_035358,C0040426;C0040452
ImageCLEFmedical_Caption_2024_train_035360,C0024947
ImageCLEFmedical_Caption_2024_train_035384,C0021102
ImageCLEFmedical_Caption_2024_train_035417,C0040426
ImageCLEFmedical_Caption_2024_train_035437,C0024947
ImageCLEFmedical_Caption_2024_train_035438,C1266909
ImageCLEFmedical_Caption_2024_train_035584,C1947917
ImageCLEFmedical_Caption_2024_train_035678,C0024687;C0447274
ImageCLEFmedical_Caption_2024_train_035703,C0040426
ImageCLEFmedical_Caption_2024_train_035704,C0040426;C1266909;C0040452
ImageCLEFmedical_Caption_2024_train_035705,C0040452;C1266909
ImageCLEFmedical_Caption_2024_train_035730,C0024947
ImageCLEFmedical_Caption_2024_train_035732,C0040426
ImageCLEFmedical_Caption_2024_train_035733,C0024947;C1947917;C0040426
ImageCLEFmedical_Caption_2024_train_035734,C1947917
ImageCLEFmedical_Caption_2024_train_035782,C0024947;C1704302
ImageCLEFmedical_Caption_2024_train_035784,C0040426
ImageCLEFmedical_Caption_2024_train_035937,C0447274
ImageCLEFmedical_Caption_2024_train_035938,C0447274
ImageCLEFmedical_Caption_2024_train_035982,C1266909;C0040426
ImageCLEFmedical_Caption_2024_train_036003,C0040426
ImageCLEFmedical_Caption_2024_train_036033,C0024947
ImageCLEFmedical_Caption_2024_train_036235,C0021102
ImageCLEFmedical_Caption_2024_train_036240,C0021102
ImageCLEFmedical_Caption_2024_train_036243,C0021102
ImageCLEFmedical_Caption_2024_train_036244,C0021102
ImageCLEFmedical_Caption_2024_train_036245,C0021102
ImageCLEFmedical_Caption_2024_train_036248,C0447274;C1704302;C1266909
ImageCLEFmedical_Caption_2024_train_036440,C1704302
ImageCLEFmedical_Caption_2024_train_036580,C0040426
ImageCLEFmedical_Caption_2024_train_036587,C0040405
ImageCLEFmedical_Caption_2024_train_036588,C0040405
ImageCLEFmedical_Caption_2024_train_036589,C0040405
ImageCLEFmedical_Caption_2024_train_036590,C1947917
ImageCLEFmedical_Caption_2024_train_036598,C0021102
ImageCLEFmedical_Caption_2024_train_036613,C0040426;C0026369
ImageCLEFmedical_Caption_2024_train_036641,C0040405
ImageCLEFmedical_Caption_2024_train_036652,C0040426;C1704302;C0026369
ImageCLEFmedical_Caption_2024_train_036753,C0024687
ImageCLEFmedical_Caption_2024_train_036758,C0040452;C0024687;C0026369
ImageCLEFmedical_Caption_2024_train_036815,C0024687;C0026369
ImageCLEFmedical_Caption_2024_train_036816,C0024947;C0024687;C1704302
ImageCLEFmedical_Caption_2024_train_036896,C1947917;C0021102
ImageCLEFmedical_Caption_2024_train_036897,C0040426;C0024947
ImageCLEFmedical_Caption_2024_train_037001,C0040426
ImageCLEFmedical_Caption_2024_train_037002,C0024687
ImageCLEFmedical_Caption_2024_train_037009,C0024687
ImageCLEFmedical_Caption_2024_train_037050,C1266909;C0024687
ImageCLEFmedical_Caption_2024_train_037144,C0040405
ImageCLEFmedical_Caption_2024_train_037152,C0024687;C0024947
ImageCLEFmedical_Caption_2024_train_037300,C1266909
ImageCLEFmedical_Caption_2024_train_037343,C0024947
ImageCLEFmedical_Caption_2024_train_037344,C0026369;C0040452
ImageCLEFmedical_Caption_2024_train_037346,C0024687;C1704302
ImageCLEFmedical_Caption_2024_train_037427,C0021102
ImageCLEFmedical_Caption_2024_train_037515,C0024687
ImageCLEFmedical_Caption_2024_train_037540,C0024687
ImageCLEFmedical_Caption_2024_train_037665,C0024687
ImageCLEFmedical_Caption_2024_train_037666,C0024687
ImageCLEFmedical_Caption_2024_train_037667,C0024687
ImageCLEFmedical_Caption_2024_train_037785,C0040405;C0024947
ImageCLEFmedical_Caption_2024_train_037786,C0040405;C0024687
ImageCLEFmedical_Caption_2024_train_037792,C1266909
ImageCLEFmedical_Caption_2024_train_037831,C1266909
ImageCLEFmedical_Caption_2024_train_037845,C0040426
ImageCLEFmedical_Caption_2024_train_037867,C0024687
ImageCLEFmedical_Caption_2024_train_037868,C0024687
ImageCLEFmedical_Caption_2024_train_037869,C0024687
ImageCLEFmedical_Caption_2024_train_037900,C0024947
ImageCLEFmedical_Caption_2024_train_037901,C0024947
ImageCLEFmedical_Caption_2024_train_038050,C0040426
ImageCLEFmedical_Caption_2024_train_038095,C0024947
ImageCLEFmedical_Caption_2024_train_038119,C0040405
ImageCLEFmedical_Caption_2024_train_038226,C0040426
ImageCLEFmedical_Caption_2024_train_038227,C0040452
ImageCLEFmedical_Caption_2024_train_038229,C0040452
ImageCLEFmedical_Caption_2024_train_038324,C0024687
ImageCLEFmedical_Caption_2024_train_038391,C0024687
ImageCLEFmedical_Caption_2024_train_038394,C0024947;C0024687;C1266909
ImageCLEFmedical_Caption_2024_train_038395,C0024687;C0024947
ImageCLEFmedical_Caption_2024_train_038636,C0040426
ImageCLEFmedical_Caption_2024_train_038676,C0024687;C1266909
ImageCLEFmedical_Caption_2024_train_038678,C0024947;C1947917;C0447274;C1704302
ImageCLEFmedical_Caption_2024_train_038776,C0040452;C0024687;C1704302
ImageCLEFmedical_Caption_2024_train_038777,C0024687;C1704302
ImageCLEFmedical_Caption_2024_train_038798,C0021102
ImageCLEFmedical_Caption_2024_train_038809,C0024687;C0040452
ImageCLEFmedical_Caption_2024_train_038974,C0040426;C0024947
ImageCLEFmedical_Caption_2024_train_039215,C0040405;C1266909
ImageCLEFmedical_Caption_2024_train_039295,C0024687;C0447274
ImageCLEFmedical_Caption_2024_train_039307,C0026369
ImageCLEFmedical_Caption_2024_train_039318,C0447274
ImageCLEFmedical_Caption_2024_train_039322,C0024947
ImageCLEFmedical_Caption_2024_train_039399,C0024687
ImageCLEFmedical_Caption_2024_train_039425,C0024947;C0026369
ImageCLEFmedical_Caption_2024_train_039566,C0040405
ImageCLEFmedical_Caption_2024_train_039567,C0040426
ImageCLEFmedical_Caption_2024_train_039622,C0024947
ImageCLEFmedical_Caption_2024_train_039632,C1704302
ImageCLEFmedical_Caption_2024_train_039762,C1266909
ImageCLEFmedical_Caption_2024_train_039896,C0040405
ImageCLEFmedical_Caption_2024_train_040012,C0024687;C0040452
ImageCLEFmedical_Caption_2024_train_040013,C0024687
ImageCLEFmedical_Caption_2024_train_040014,C0024687
ImageCLEFmedical_Caption_2024_train_040015,C0024687
ImageCLEFmedical_Caption_2024_train_040016,C0024687
ImageCLEFmedical_Caption_2024_train_040017,C0024687
ImageCLEFmedical_Caption_2024_train_040018,C0024687
ImageCLEFmedical_Caption_2024_train_040123,C0040426
ImageCLEFmedical_Caption_2024_train_040186,C1266909
ImageCLEFmedical_Caption_2024_train_040187,C0021102;C1266909
ImageCLEFmedical_Caption_2024_train_040207,C1266909
ImageCLEFmedical_Caption_2024_train_040227,C0024947;C0024687
ImageCLEFmedical_Caption_2024_train_040541,C0040426
ImageCLEFmedical_Caption_2024_train_040542,C0040426
ImageCLEFmedical_Caption_2024_train_040614,C0040426
ImageCLEFmedical_Caption_2024_train_040639,C1266909
ImageCLEFmedical_Caption_2024_train_040793,C0024947
ImageCLEFmedical_Caption_2024_train_040803,C0021102;C0024687
ImageCLEFmedical_Caption_2024_train_040806,C1266909
ImageCLEFmedical_Caption_2024_train_040855,C0040452
ImageCLEFmedical_Caption_2024_train_040857,C0040452;C1947917
ImageCLEFmedical_Caption_2024_train_040960,C0024687
ImageCLEFmedical_Caption_2024_train_040961,C0024687
ImageCLEFmedical_Caption_2024_train_040962,C0024687
ImageCLEFmedical_Caption_2024_train_040967,C0024947;C0447274
ImageCLEFmedical_Caption_2024_train_040968,C1947917;C0024947;C0447274
ImageCLEFmedical_Caption_2024_train_040986,C1266909
ImageCLEFmedical_Caption_2024_train_040987,C0021102
ImageCLEFmedical_Caption_2024_train_041114,C0024947
ImageCLEFmedical_Caption_2024_train_041115,C0024947
ImageCLEFmedical_Caption_2024_train_041116,C0024947
ImageCLEFmedical_Caption_2024_train_041132,C0021102
ImageCLEFmedical_Caption_2024_train_041177,C0447274
ImageCLEFmedical_Caption_2024_train_041276,C0024687;C0040452
ImageCLEFmedical_Caption_2024_train_041357,C0040405
ImageCLEFmedical_Caption_2024_train_041480,C1704302;C0040452
ImageCLEFmedical_Caption_2024_train_041491,C0024687
ImageCLEFmedical_Caption_2024_train_041549,C0024687
ImageCLEFmedical_Caption_2024_train_041602,C1704302;C0024947;C0447274;C0040452;C0024687
ImageCLEFmedical_Caption_2024_train_041689,C0024687;C1266909
ImageCLEFmedical_Caption_2024_train_041715,C0447274
ImageCLEFmedical_Caption_2024_train_041778,C0021102
ImageCLEFmedical_Caption_2024_train_041970,C0040405;C0040426
ImageCLEFmedical_Caption_2024_train_042055,C0040405;C1266909
ImageCLEFmedical_Caption_2024_train_042069,C0021102;C1266909
ImageCLEFmedical_Caption_2024_train_042070,C0021102;C1266909
ImageCLEFmedical_Caption_2024_train_042071,C0021102
ImageCLEFmedical_Caption_2024_train_042072,C1266909
ImageCLEFmedical_Caption_2024_train_042074,C0021102;C0447274
ImageCLEFmedical_Caption_2024_train_042080,C1266909
ImageCLEFmedical_Caption_2024_train_042232,C1266909;C0021102
ImageCLEFmedical_Caption_2024_train_042283,C0021102
ImageCLEFmedical_Caption_2024_train_042284,C0021102
ImageCLEFmedical_Caption_2024_train_042406,C0040405;C1266909
ImageCLEFmedical_Caption_2024_train_042465,C1266909;C0024687
ImageCLEFmedical_Caption_2024_train_042501,C0024947;C0024687
ImageCLEFmedical_Caption_2024_train_042502,C0040426;C0024947
ImageCLEFmedical_Caption_2024_train_042503,C0024947
ImageCLEFmedical_Caption_2024_train_042504,C0024947
ImageCLEFmedical_Caption_2024_train_042513,C0024947;C1704302
ImageCLEFmedical_Caption_2024_train_042609,C0024687;C0026369;C0024947;C1704302
ImageCLEFmedical_Caption_2024_train_042610,C0024687
ImageCLEFmedical_Caption_2024_train_042611,C0024687
ImageCLEFmedical_Caption_2024_train_042612,C0024687
ImageCLEFmedical_Caption_2024_train_042751,C0021102
ImageCLEFmedical_Caption_2024_train_042764,C0021102
ImageCLEFmedical_Caption_2024_train_042854,C0024687
ImageCLEFmedical_Caption_2024_train_042867,C0024687
ImageCLEFmedical_Caption_2024_train_042973,C0021102
ImageCLEFmedical_Caption_2024_train_043063,C0021102
ImageCLEFmedical_Caption_2024_train_043064,C0021102
ImageCLEFmedical_Caption_2024_train_043065,C0021102
ImageCLEFmedical_Caption_2024_train_043306,C0024687
ImageCLEFmedical_Caption_2024_train_043313,C0024947;C0447274
ImageCLEFmedical_Caption_2024_train_043314,C0024947;C0024687
ImageCLEFmedical_Caption_2024_train_043315,C0024687
ImageCLEFmedical_Caption_2024_train_043325,C0040426
ImageCLEFmedical_Caption_2024_train_043359,C0024947
ImageCLEFmedical_Caption_2024_train_043435,C1266909
ImageCLEFmedical_Caption_2024_train_043510,C1266909
ImageCLEFmedical_Caption_2024_train_043595,C0021102
ImageCLEFmedical_Caption_2024_train_043653,C0024947;C0024687;C0021102
ImageCLEFmedical_Caption_2024_train_043822,C0024687
ImageCLEFmedical_Caption_2024_train_043823,C0024687
ImageCLEFmedical_Caption_2024_train_043858,C0024687
ImageCLEFmedical_Caption_2024_train_043911,C1266909;C0024687
ImageCLEFmedical_Caption_2024_train_043958,C0040426
ImageCLEFmedical_Caption_2024_train_044097,C0040452
ImageCLEFmedical_Caption_2024_train_044188,C0024947
ImageCLEFmedical_Caption_2024_train_044255,C0024687;C0040452
ImageCLEFmedical_Caption_2024_train_044277,C1266909
ImageCLEFmedical_Caption_2024_train_044337,C0024947
ImageCLEFmedical_Caption_2024_train_044518,C1947917;C0040426
ImageCLEFmedical_Caption_2024_train_044554,C0024687
ImageCLEFmedical_Caption_2024_train_044555,C0024687
ImageCLEFmedical_Caption_2024_train_044693,C0040452
ImageCLEFmedical_Caption_2024_train_044710,C0024687
ImageCLEFmedical_Caption_2024_train_044712,C0024687
ImageCLEFmedical_Caption_2024_train_044736,C0040426
ImageCLEFmedical_Caption_2024_train_044742,C0024947
ImageCLEFmedical_Caption_2024_train_044743,C0024947
ImageCLEFmedical_Caption_2024_train_044744,C1266909
ImageCLEFmedical_Caption_2024_train_044795,C0024687
ImageCLEFmedical_Caption_2024_train_044796,C0024687
ImageCLEFmedical_Caption_2024_train_044797,C0024687
ImageCLEFmedical_Caption_2024_train_044799,C0024687
ImageCLEFmedical_Caption_2024_train_044844,C0024947;C1947917;C0040426
ImageCLEFmedical_Caption_2024_train_044914,C0024687
ImageCLEFmedical_Caption_2024_train_044967,C0040426
ImageCLEFmedical_Caption_2024_train_044985,C0040426
ImageCLEFmedical_Caption_2024_train_045027,C0040426
ImageCLEFmedical_Caption_2024_train_045121,C0040426
ImageCLEFmedical_Caption_2024_train_045170,C0021102
ImageCLEFmedical_Caption_2024_train_045202,C1947917
ImageCLEFmedical_Caption_2024_train_045259,C0024947
ImageCLEFmedical_Caption_2024_train_045284,C0026369;C0024687;C0040452
ImageCLEFmedical_Caption_2024_train_045299,C1266909;C0024687
ImageCLEFmedical_Caption_2024_train_045320,C0024687
ImageCLEFmedical_Caption_2024_train_045326,C0040426;C0040452
ImageCLEFmedical_Caption_2024_train_045348,C0024687;C1947917
ImageCLEFmedical_Caption_2024_train_045411,C0040452
ImageCLEFmedical_Caption_2024_train_045492,C1266909
ImageCLEFmedical_Caption_2024_train_045496,C0040426
ImageCLEFmedical_Caption_2024_train_045752,C1266909;C1704302
ImageCLEFmedical_Caption_2024_train_045770,C0040426
ImageCLEFmedical_Caption_2024_train_045809,C0040405;C1266909
ImageCLEFmedical_Caption_2024_train_045819,C0021102
ImageCLEFmedical_Caption_2024_train_045820,C0021102
ImageCLEFmedical_Caption_2024_train_045960,C1266909
ImageCLEFmedical_Caption_2024_train_046043,C0026369
ImageCLEFmedical_Caption_2024_train_046157,C1266909;C0024947
ImageCLEFmedical_Caption_2024_train_046239,C0024687;C1704302
ImageCLEFmedical_Caption_2024_train_046240,C0024687
ImageCLEFmedical_Caption_2024_train_046241,C0024687
ImageCLEFmedical_Caption_2024_train_046242,C0024687;C1704302
ImageCLEFmedical_Caption_2024_train_046243,C0024687;C1704302
ImageCLEFmedical_Caption_2024_train_046244,C0024687;C1704302
ImageCLEFmedical_Caption_2024_train_046265,C0021102
ImageCLEFmedical_Caption_2024_train_046341,C0040405
ImageCLEFmedical_Caption_2024_train_046419,C0024687
ImageCLEFmedical_Caption_2024_train_046649,C0024947;C0024687;C1704302
ImageCLEFmedical_Caption_2024_train_046666,C0024947;C0447274
ImageCLEFmedical_Caption_2024_train_046667,C0024947
ImageCLEFmedical_Caption_2024_train_046694,C0021102
ImageCLEFmedical_Caption_2024_train_046726,C0040405
ImageCLEFmedical_Caption_2024_train_046848,C1947917;C0024947
ImageCLEFmedical_Caption_2024_train_046866,C0024947
ImageCLEFmedical_Caption_2024_train_047013,C1266909
ImageCLEFmedical_Caption_2024_train_047035,C0447274
ImageCLEFmedical_Caption_2024_train_047036,C0447274
ImageCLEFmedical_Caption_2024_train_047120,C0024947
ImageCLEFmedical_Caption_2024_train_047130,C0024687
ImageCLEFmedical_Caption_2024_train_047264,C0040426
ImageCLEFmedical_Caption_2024_train_047265,C0040426
ImageCLEFmedical_Caption_2024_train_047266,C0040426
ImageCLEFmedical_Caption_2024_train_047439,C0024687
ImageCLEFmedical_Caption_2024_train_047471,C0024687;C0447274;C0024947
ImageCLEFmedical_Caption_2024_train_047475,C0040452
ImageCLEFmedical_Caption_2024_train_047776,C0021102
ImageCLEFmedical_Caption_2024_train_047777,C0021102
ImageCLEFmedical_Caption_2024_train_047778,C0021102
ImageCLEFmedical_Caption_2024_train_047779,C0024687;C0026369
ImageCLEFmedical_Caption_2024_train_047795,C0024687
ImageCLEFmedical_Caption_2024_train_047830,C0024687
ImageCLEFmedical_Caption_2024_train_047837,C0024687
ImageCLEFmedical_Caption_2024_train_047844,C0024687
ImageCLEFmedical_Caption_2024_train_047854,C1266909
ImageCLEFmedical_Caption_2024_train_047855,C0021102
ImageCLEFmedical_Caption_2024_train_047944,C0040426;C0040452
ImageCLEFmedical_Caption_2024_train_047946,C0021102;C1266909
ImageCLEFmedical_Caption_2024_train_047947,C1266909
ImageCLEFmedical_Caption_2024_train_048005,C1947917
ImageCLEFmedical_Caption_2024_train_048060,C1266909
ImageCLEFmedical_Caption_2024_train_048063,C0040405
ImageCLEFmedical_Caption_2024_train_048064,C0040405
ImageCLEFmedical_Caption_2024_train_048151,C0021102
ImageCLEFmedical_Caption_2024_train_048177,C0026369
ImageCLEFmedical_Caption_2024_train_048297,C0024687;C1704302
ImageCLEFmedical_Caption_2024_train_048336,C0040405
ImageCLEFmedical_Caption_2024_train_048442,C0040405
ImageCLEFmedical_Caption_2024_train_048452,C0040452
ImageCLEFmedical_Caption_2024_train_048514,C1704302
ImageCLEFmedical_Caption_2024_train_048515,C1704302
ImageCLEFmedical_Caption_2024_train_048570,C1266909
ImageCLEFmedical_Caption_2024_train_048688,C0026369
ImageCLEFmedical_Caption_2024_train_049000,C0024687
ImageCLEFmedical_Caption_2024_train_049069,C0024687;C0040452
ImageCLEFmedical_Caption_2024_train_049070,C0024687
ImageCLEFmedical_Caption_2024_train_049071,C0024687
ImageCLEFmedical_Caption_2024_train_049224,C1266909
ImageCLEFmedical_Caption_2024_train_049232,C0040426;C0024687
ImageCLEFmedical_Caption_2024_train_049343,C0040405
ImageCLEFmedical_Caption_2024_train_049437,C0040426
ImageCLEFmedical_Caption_2024_train_049450,C0024947
ImageCLEFmedical_Caption_2024_train_049461,C0024687
ImageCLEFmedical_Caption_2024_train_049505,C0024687;C0040452
ImageCLEFmedical_Caption_2024_train_049506,C0024687;C0040452
ImageCLEFmedical_Caption_2024_train_049507,C0024687;C0040452
ImageCLEFmedical_Caption_2024_train_049804,C0040426
ImageCLEFmedical_Caption_2024_train_049841,C0021102
ImageCLEFmedical_Caption_2024_train_049860,C0447274;C1704302
ImageCLEFmedical_Caption_2024_train_049923,C1947917
ImageCLEFmedical_Caption_2024_train_050010,C0024947;C0040426
ImageCLEFmedical_Caption_2024_train_050011,C1704302
ImageCLEFmedical_Caption_2024_train_050017,C0024687
ImageCLEFmedical_Caption_2024_train_050165,C0024687
ImageCLEFmedical_Caption_2024_train_050166,C1947917;C0024687
ImageCLEFmedical_Caption_2024_train_050274,C0024687
ImageCLEFmedical_Caption_2024_train_050342,C0040426;C0024947;C0024687
ImageCLEFmedical_Caption_2024_train_050352,C1266909
ImageCLEFmedical_Caption_2024_train_050388,C0024687
ImageCLEFmedical_Caption_2024_train_050389,C0024687
ImageCLEFmedical_Caption_2024_train_050390,C0024687
ImageCLEFmedical_Caption_2024_train_050391,C0024687
ImageCLEFmedical_Caption_2024_train_050438,C0040452
ImageCLEFmedical_Caption_2024_train_050439,C0040452
ImageCLEFmedical_Caption_2024_train_050440,C0040452
ImageCLEFmedical_Caption_2024_train_050464,C0040452
ImageCLEFmedical_Caption_2024_train_050479,C0024687
ImageCLEFmedical_Caption_2024_train_050482,C0040426;C0024687
ImageCLEFmedical_Caption_2024_train_050483,C0024947;C0024687;C0040452;C0040426
ImageCLEFmedical_Caption_2024_train_050484,C0040426;C0024687;C0040452;C0024947;C1704302
ImageCLEFmedical_Caption_2024_train_050485,C0040452;C0024687;C0024947;C0040426
ImageCLEFmedical_Caption_2024_train_050491,C0024687;C0021102
ImageCLEFmedical_Caption_2024_train_050546,C0040426
ImageCLEFmedical_Caption_2024_train_050778,C0024687
ImageCLEFmedical_Caption_2024_train_050779,C0024687
ImageCLEFmedical_Caption_2024_train_050810,C0447274
ImageCLEFmedical_Caption_2024_train_051073,C0447274;C1704302;C0040452;C0040426
ImageCLEFmedical_Caption_2024_train_051114,C0024947;C0021102
ImageCLEFmedical_Caption_2024_train_051305,C1266909
ImageCLEFmedical_Caption_2024_train_051323,C0024687
ImageCLEFmedical_Caption_2024_train_051366,C0040426
ImageCLEFmedical_Caption_2024_train_051367,C0040426
ImageCLEFmedical_Caption_2024_train_051368,C0040426
ImageCLEFmedical_Caption_2024_train_051405,C1704302
ImageCLEFmedical_Caption_2024_train_051480,C0040426
ImageCLEFmedical_Caption_2024_train_051481,C0026369
ImageCLEFmedical_Caption_2024_train_051510,C0040426;C1266909
ImageCLEFmedical_Caption_2024_train_051538,C0024947;C1704302
ImageCLEFmedical_Caption_2024_train_051541,C1704302;C0040452;C0024687
ImageCLEFmedical_Caption_2024_train_051642,C1704302;C0024947
ImageCLEFmedical_Caption_2024_train_051643,C1704302;C0024947
ImageCLEFmedical_Caption_2024_train_051644,C0024947
ImageCLEFmedical_Caption_2024_train_051707,C0021102
ImageCLEFmedical_Caption_2024_train_051853,C0024687
ImageCLEFmedical_Caption_2024_train_051854,C0024687;C0040452
ImageCLEFmedical_Caption_2024_train_051900,C0040426
ImageCLEFmedical_Caption_2024_train_052055,C0021102
ImageCLEFmedical_Caption_2024_train_052150,C0024947;C1266909
ImageCLEFmedical_Caption_2024_train_052255,C0040405
ImageCLEFmedical_Caption_2024_train_052320,C0024687
ImageCLEFmedical_Caption_2024_train_052361,C0024687
ImageCLEFmedical_Caption_2024_train_052399,C1704302
ImageCLEFmedical_Caption_2024_train_052437,C0024687
ImageCLEFmedical_Caption_2024_train_052497,C0040426;C0021102;C0024687;C1266909
ImageCLEFmedical_Caption_2024_train_052593,C0040452
ImageCLEFmedical_Caption_2024_train_052653,C0040405
ImageCLEFmedical_Caption_2024_train_052661,C0040426
ImageCLEFmedical_Caption_2024_train_052672,C0024947
ImageCLEFmedical_Caption_2024_train_052770,C0040426
ImageCLEFmedical_Caption_2024_train_052862,C0024947
ImageCLEFmedical_Caption_2024_train_052916,C0040405
ImageCLEFmedical_Caption_2024_train_052928,C0026369
ImageCLEFmedical_Caption_2024_train_052929,C0026369
ImageCLEFmedical_Caption_2024_train_052973,C0024687;C1704302
ImageCLEFmedical_Caption_2024_train_052974,C0024687
ImageCLEFmedical_Caption_2024_train_052975,C1704302
ImageCLEFmedical_Caption_2024_train_053001,C1266909
ImageCLEFmedical_Caption_2024_train_053002,C0021102
ImageCLEFmedical_Caption_2024_train_053057,C1704302;C0024687
ImageCLEFmedical_Caption_2024_train_053166,C0024687
ImageCLEFmedical_Caption_2024_train_053245,C0040452
ImageCLEFmedical_Caption_2024_train_053369,C0040426
ImageCLEFmedical_Caption_2024_train_053376,C0040405;C0024947
ImageCLEFmedical_Caption_2024_train_053396,C1704302
ImageCLEFmedical_Caption_2024_train_053404,C1947917
ImageCLEFmedical_Caption_2024_train_053417,C0040426
ImageCLEFmedical_Caption_2024_train_053471,C0021102
ImageCLEFmedical_Caption_2024_train_053482,C1266909
ImageCLEFmedical_Caption_2024_train_053517,C0040452
ImageCLEFmedical_Caption_2024_train_053642,C0024687
ImageCLEFmedical_Caption_2024_train_053661,C0040426;C1704302
ImageCLEFmedical_Caption_2024_train_053662,C1704302;C0024687;C1266909
ImageCLEFmedical_Caption_2024_train_053672,C1266909;C0024687
ImageCLEFmedical_Caption_2024_train_053851,C0024687
ImageCLEFmedical_Caption_2024_train_053859,C0024687;C1947917
ImageCLEFmedical_Caption_2024_train_053882,C0021102
ImageCLEFmedical_Caption_2024_train_053937,C0021102
ImageCLEFmedical_Caption_2024_train_053938,C0021102
ImageCLEFmedical_Caption_2024_train_054114,C0024947
ImageCLEFmedical_Caption_2024_train_054115,C0024687;C1947917
ImageCLEFmedical_Caption_2024_train_054116,C0024947;C0024687
ImageCLEFmedical_Caption_2024_train_054188,C0021102
ImageCLEFmedical_Caption_2024_train_054282,C0040426
ImageCLEFmedical_Caption_2024_train_054311,C0024947
ImageCLEFmedical_Caption_2024_train_054327,C0447274;C0024947
ImageCLEFmedical_Caption_2024_train_054331,C0026369
ImageCLEFmedical_Caption_2024_train_054636,C0024687;C0026369
ImageCLEFmedical_Caption_2024_train_054895,C0021102
ImageCLEFmedical_Caption_2024_train_055204,C0024687
ImageCLEFmedical_Caption_2024_train_055275,C0040426
ImageCLEFmedical_Caption_2024_train_055361,C0024687
ImageCLEFmedical_Caption_2024_train_055387,C0040426
ImageCLEFmedical_Caption_2024_train_055623,C0040426
ImageCLEFmedical_Caption_2024_train_055681,C0024687;C0026369
ImageCLEFmedical_Caption_2024_train_055689,C1704302
ImageCLEFmedical_Caption_2024_train_055777,C1266909;C0024687
ImageCLEFmedical_Caption_2024_train_056026,C0040452;C0447274
ImageCLEFmedical_Caption_2024_train_056171,C0040452;C0024947
ImageCLEFmedical_Caption_2024_train_056243,C0026369
ImageCLEFmedical_Caption_2024_train_056296,C1266909;C0024687;C0024947
ImageCLEFmedical_Caption_2024_train_056298,C1266909;C0024687;C0024947
ImageCLEFmedical_Caption_2024_train_056469,C0040405
ImageCLEFmedical_Caption_2024_train_056486,C1266909
ImageCLEFmedical_Caption_2024_train_056510,C1266909
ImageCLEFmedical_Caption_2024_train_056533,C0040426
ImageCLEFmedical_Caption_2024_train_056535,C0024947;C0024687
ImageCLEFmedical_Caption_2024_train_056636,C0024687;C1947917
ImageCLEFmedical_Caption_2024_train_056668,C1266909
ImageCLEFmedical_Caption_2024_train_056675,C0024947
ImageCLEFmedical_Caption_2024_train_056682,C1704302
ImageCLEFmedical_Caption_2024_train_056846,C0040405
ImageCLEFmedical_Caption_2024_train_056855,C0021102
ImageCLEFmedical_Caption_2024_train_056959,C0024687
ImageCLEFmedical_Caption_2024_train_057011,C0021102;C0024947
ImageCLEFmedical_Caption_2024_train_057022,C0040426
ImageCLEFmedical_Caption_2024_train_057023,C0040426
ImageCLEFmedical_Caption_2024_train_057076,C0024947
ImageCLEFmedical_Caption_2024_train_057207,C0024687
ImageCLEFmedical_Caption_2024_train_057269,C0024687
ImageCLEFmedical_Caption_2024_train_057347,C0024687
ImageCLEFmedical_Caption_2024_train_057351,C0024687
ImageCLEFmedical_Caption_2024_train_057352,C0024687
ImageCLEFmedical_Caption_2024_train_057387,C0040452
ImageCLEFmedical_Caption_2024_train_057396,C0024687
ImageCLEFmedical_Caption_2024_train_057457,C1266909
ImageCLEFmedical_Caption_2024_train_057460,C1266909
ImageCLEFmedical_Caption_2024_train_057549,C0021102
ImageCLEFmedical_Caption_2024_train_057560,C0040426
ImageCLEFmedical_Caption_2024_train_057652,C0024947
ImageCLEFmedical_Caption_2024_train_057752,C0040426
ImageCLEFmedical_Caption_2024_train_057777,C0024687
ImageCLEFmedical_Caption_2024_train_057819,C0024687
ImageCLEFmedical_Caption_2024_train_057820,C0040426
ImageCLEFmedical_Caption_2024_train_057880,C1266909
ImageCLEFmedical_Caption_2024_train_057891,C0024687;C0026369
ImageCLEFmedical_Caption_2024_train_057921,C0024687
ImageCLEFmedical_Caption_2024_train_058046,C0024687;C0026369
ImageCLEFmedical_Caption_2024_train_058047,C0024687;C0026369
ImageCLEFmedical_Caption_2024_train_058048,C1266909
ImageCLEFmedical_Caption_2024_train_058092,C0024687;C1266909
ImageCLEFmedical_Caption_2024_train_058251,C1947917;C0040452
ImageCLEFmedical_Caption_2024_train_058272,C1266909
ImageCLEFmedical_Caption_2024_train_058320,C0040426;C0024947
ImageCLEFmedical_Caption_2024_train_058354,C1266909
ImageCLEFmedical_Caption_2024_train_058389,C0024687;C0024947
ImageCLEFmedical_Caption_2024_train_058451,C0024947;C1947917;C0447274
ImageCLEFmedical_Caption_2024_train_058452,C0024947;C1947917
ImageCLEFmedical_Caption_2024_train_058453,C0024687;C0040452;C1704302
ImageCLEFmedical_Caption_2024_train_058454,C1704302
ImageCLEFmedical_Caption_2024_train_058674,C0024947;C0024687
ImageCLEFmedical_Caption_2024_train_058793,C0024687;C0040426
ImageCLEFmedical_Caption_2024_train_058818,C0024687
ImageCLEFmedical_Caption_2024_train_058819,C0024687
ImageCLEFmedical_Caption_2024_train_058900,C0040426
ImageCLEFmedical_Caption_2024_train_058934,C0026369
ImageCLEFmedical_Caption_2024_train_058969,C0040426
ImageCLEFmedical_Caption_2024_train_058977,C0040452;C1704302
ImageCLEFmedical_Caption_2024_train_059020,C0040405
ImageCLEFmedical_Caption_2024_train_059021,C0040405
ImageCLEFmedical_Caption_2024_train_059076,C0040426
ImageCLEFmedical_Caption_2024_train_059115,C0040426
ImageCLEFmedical_Caption_2024_train_059168,C0024947
ImageCLEFmedical_Caption_2024_train_059190,C0040426;C1704302
ImageCLEFmedical_Caption_2024_train_059191,C0040426
ImageCLEFmedical_Caption_2024_train_059215,C0024687;C0040426;C0024947
ImageCLEFmedical_Caption_2024_train_059275,C0040426
ImageCLEFmedical_Caption_2024_train_059465,C0024687
ImageCLEFmedical_Caption_2024_train_059510,C0024687
ImageCLEFmedical_Caption_2024_train_059526,C0040426
ImageCLEFmedical_Caption_2024_train_059527,C0040426
ImageCLEFmedical_Caption_2024_train_059552,C1947917;C0024947
ImageCLEFmedical_Caption_2024_train_059553,C0024947
ImageCLEFmedical_Caption_2024_train_059723,C0040452
ImageCLEFmedical_Caption_2024_train_059753,C0040452;C0024687
ImageCLEFmedical_Caption_2024_train_059755,C0040452
ImageCLEFmedical_Caption_2024_train_059869,C0040405
ImageCLEFmedical_Caption_2024_train_060014,C0040452;C0040426
ImageCLEFmedical_Caption_2024_train_060015,C0040452;C0040426
ImageCLEFmedical_Caption_2024_train_060016,C0040452;C0040426
ImageCLEFmedical_Caption_2024_train_060128,C0040426
ImageCLEFmedical_Caption_2024_train_060129,C0040426
ImageCLEFmedical_Caption_2024_train_060131,C0040426
ImageCLEFmedical_Caption_2024_train_060149,C1266909
ImageCLEFmedical_Caption_2024_train_060342,C0040405
ImageCLEFmedical_Caption_2024_train_060385,C0026369
ImageCLEFmedical_Caption_2024_train_060389,C0024687;C0040452
ImageCLEFmedical_Caption_2024_train_060395,C0040405
ImageCLEFmedical_Caption_2024_train_060505,C0040405
ImageCLEFmedical_Caption_2024_train_060634,C0040426
ImageCLEFmedical_Caption_2024_train_060675,C1266909
ImageCLEFmedical_Caption_2024_train_060731,C0024947;C0040452
ImageCLEFmedical_Caption_2024_train_060805,C0024687;C0026369
ImageCLEFmedical_Caption_2024_train_060934,C0040426
ImageCLEFmedical_Caption_2024_train_061269,C0021102
ImageCLEFmedical_Caption_2024_train_061270,C0021102
ImageCLEFmedical_Caption_2024_train_061271,C0021102
ImageCLEFmedical_Caption_2024_train_061319,C0024687
ImageCLEFmedical_Caption_2024_train_061347,C0024687
ImageCLEFmedical_Caption_2024_train_061443,C0024947;C1704302
ImageCLEFmedical_Caption_2024_train_061503,C0040405
ImageCLEFmedical_Caption_2024_train_061586,C0040452
ImageCLEFmedical_Caption_2024_train_061587,C1266909
ImageCLEFmedical_Caption_2024_train_061721,C0024687
ImageCLEFmedical_Caption_2024_train_061818,C0040405
ImageCLEFmedical_Caption_2024_train_061932,C0024947
ImageCLEFmedical_Caption_2024_train_061952,C0024947
ImageCLEFmedical_Caption_2024_train_061953,C0024947
ImageCLEFmedical_Caption_2024_train_062110,C0040452;C0040426
ImageCLEFmedical_Caption_2024_train_062149,C1947917
ImageCLEFmedical_Caption_2024_train_062158,C0040452
ImageCLEFmedical_Caption_2024_train_062217,C0040405
ImageCLEFmedical_Caption_2024_train_062218,C0040452
ImageCLEFmedical_Caption_2024_train_062258,C0026369
ImageCLEFmedical_Caption_2024_train_062277,C1266909
ImageCLEFmedical_Caption_2024_train_062300,C0024687
ImageCLEFmedical_Caption_2024_train_062396,C0024687;C1704302
ImageCLEFmedical_Caption_2024_train_062496,C1704302;C0040452
ImageCLEFmedical_Caption_2024_train_062515,C0024947
ImageCLEFmedical_Caption_2024_train_062613,C0024947;C0040426
ImageCLEFmedical_Caption_2024_train_062726,C1266909;C0026369
ImageCLEFmedical_Caption_2024_train_062746,C0024687;C0040426
ImageCLEFmedical_Caption_2024_train_062869,C0021102;C1266909
ImageCLEFmedical_Caption_2024_train_062884,C0024687;C1947917
ImageCLEFmedical_Caption_2024_train_063155,C1266909;C0021102
ImageCLEFmedical_Caption_2024_train_063305,C1266909
ImageCLEFmedical_Caption_2024_train_063306,C1266909
ImageCLEFmedical_Caption_2024_train_063307,C1266909
ImageCLEFmedical_Caption_2024_train_063449,C0024687
ImageCLEFmedical_Caption_2024_train_063458,C0024687;C1704302
ImageCLEFmedical_Caption_2024_train_063531,C0024687
ImageCLEFmedical_Caption_2024_train_063574,C0040426
ImageCLEFmedical_Caption_2024_train_063704,C0024947
ImageCLEFmedical_Caption_2024_train_063940,C0040426
ImageCLEFmedical_Caption_2024_train_063988,C0021102
ImageCLEFmedical_Caption_2024_train_064057,C0024687
ImageCLEFmedical_Caption_2024_train_064143,C0021102;C0024687
ImageCLEFmedical_Caption_2024_train_064302,C0040452;C0040426
ImageCLEFmedical_Caption_2024_train_064359,C1266909;C0447274
ImageCLEFmedical_Caption_2024_train_064423,C0021102
ImageCLEFmedical_Caption_2024_train_064455,C0040426
ImageCLEFmedical_Caption_2024_train_064536,C1266909;C0024947;C0021102
ImageCLEFmedical_Caption_2024_train_064537,C1266909;C0021102;C1947917
ImageCLEFmedical_Caption_2024_train_064578,C0024947
ImageCLEFmedical_Caption_2024_train_064579,C0024947
ImageCLEFmedical_Caption_2024_train_064621,C0040426
ImageCLEFmedical_Caption_2024_train_064668,C0024947;C1947917
ImageCLEFmedical_Caption_2024_train_064745,C0021102
ImageCLEFmedical_Caption_2024_train_064876,C0021102
ImageCLEFmedical_Caption_2024_train_064880,C0040426;C0024687;C1266909
ImageCLEFmedical_Caption_2024_train_064959,C0024947
ImageCLEFmedical_Caption_2024_train_065022,C1266909
ImageCLEFmedical_Caption_2024_train_065048,C0024687;C1704302;C0040452;C0021102
ImageCLEFmedical_Caption_2024_train_065061,C0024687
ImageCLEFmedical_Caption_2024_train_065086,C1704302
ImageCLEFmedical_Caption_2024_train_065191,C0024687
ImageCLEFmedical_Caption_2024_train_065220,C0040426
ImageCLEFmedical_Caption_2024_train_065259,C0024947
ImageCLEFmedical_Caption_2024_train_065284,C1266909;C0040426
ImageCLEFmedical_Caption_2024_train_065376,C0024947;C0026369;C0040426
ImageCLEFmedical_Caption_2024_train_065395,C0040452
ImageCLEFmedical_Caption_2024_train_065396,C0024687;C0026369
ImageCLEFmedical_Caption_2024_train_065397,C0024687;C0026369;C0024947
ImageCLEFmedical_Caption_2024_train_065464,C0021102;C1266909
ImageCLEFmedical_Caption_2024_train_065486,C0024687;C1704302
ImageCLEFmedical_Caption_2024_train_065494,C0024687
ImageCLEFmedical_Caption_2024_train_065512,C0040452;C1266909
ImageCLEFmedical_Caption_2024_train_065530,C0024947
ImageCLEFmedical_Caption_2024_train_065559,C0040426
ImageCLEFmedical_Caption_2024_train_065602,C0040426
ImageCLEFmedical_Caption_2024_train_065618,C0024687
ImageCLEFmedical_Caption_2024_train_065828,C0040405
ImageCLEFmedical_Caption_2024_train_066005,C0026369;C0024687
ImageCLEFmedical_Caption_2024_train_066093,C0024687
ImageCLEFmedical_Caption_2024_train_066104,C0024947;C0024687
ImageCLEFmedical_Caption_2024_train_066299,C1947917
ImageCLEFmedical_Caption_2024_train_066336,C0021102
ImageCLEFmedical_Caption_2024_train_066364,C0024687;C0026369
ImageCLEFmedical_Caption_2024_train_066530,C1266909
ImageCLEFmedical_Caption_2024_train_066619,C0024687;C1947917
ImageCLEFmedical_Caption_2024_train_066741,C0024687
ImageCLEFmedical_Caption_2024_train_066862,C0024947
ImageCLEFmedical_Caption_2024_train_066868,C0024687
ImageCLEFmedical_Caption_2024_train_066950,C0024687
ImageCLEFmedical_Caption_2024_train_067035,C0040405;C0024947;C1266909
ImageCLEFmedical_Caption_2024_train_067069,C1266909
ImageCLEFmedical_Caption_2024_train_067187,C0024687
ImageCLEFmedical_Caption_2024_train_067458,C0040405
ImageCLEFmedical_Caption_2024_train_067556,C0040426
ImageCLEFmedical_Caption_2024_train_067588,C0040452;C0024947;C0040426
ImageCLEFmedical_Caption_2024_train_067592,C0024947
ImageCLEFmedical_Caption_2024_train_067593,C0021102
ImageCLEFmedical_Caption_2024_train_067601,C0040452;C0024947
ImageCLEFmedical_Caption_2024_train_067673,C0024947;C1266909
ImageCLEFmedical_Caption_2024_train_067837,C0021102;C0024947
ImageCLEFmedical_Caption_2024_train_067875,C0021102
ImageCLEFmedical_Caption_2024_train_067886,C0024947
ImageCLEFmedical_Caption_2024_train_067937,C0024687
ImageCLEFmedical_Caption_2024_train_068393,C0024687
ImageCLEFmedical_Caption_2024_train_068489,C0040452;C0024687
ImageCLEFmedical_Caption_2024_train_068490,C1266909
ImageCLEFmedical_Caption_2024_train_068577,C1704302;C0447274
ImageCLEFmedical_Caption_2024_train_068578,C0024687;C0447274;C1704302;C0040452
ImageCLEFmedical_Caption_2024_train_068741,C0040452
ImageCLEFmedical_Caption_2024_train_068895,C0024687;C1704302
ImageCLEFmedical_Caption_2024_train_069056,C0021102
ImageCLEFmedical_Caption_2024_train_069092,C0021102
ImageCLEFmedical_Caption_2024_train_069120,C0040426
ImageCLEFmedical_Caption_2024_train_069121,C0040426
ImageCLEFmedical_Caption_2024_train_069287,C0040405;C1266909
ImageCLEFmedical_Caption_2024_train_069492,C0040426
ImageCLEFmedical_Caption_2024_train_069556,C0040426;C0024687
ImageCLEFmedical_Caption_2024_train_069649,C0040426;C0447274
ImageCLEFmedical_Caption_2024_train_069781,C1947917
ImageCLEFmedical_Caption_2024_train_069808,C0024947;C0024687
ImageCLEFmedical_Caption_2024_train_069847,C0024947;C0024687
ImageCLEFmedical_Caption_2024_train_069931,C0024947;C0024687;C0040426
ImageCLEFmedical_Caption_2024_train_069993,C0026369
